Time,Learning rate,Train loss,Validation loss,MAE_energy,RMSE_energy,MAE_forces,RMSE_forces
199.88589882850647,0.0001,11.028328734842937,6.468763439178467,4.33386993598938,5.676126880095947,1.2266342112117523,2.6749846046942367
401.38712096214294,0.0001,3.5726195112864176,3.621909909248352,3.0838040237426756,3.928866216607674,0.9940952073350449,2.0076590333863455
589.6042222976685,0.0001,1.9449689155101777,4.555136399269104,9.200138767242432,9.70135081373125,0.8726481500612268,2.041123030982773
779.1858775615692,0.0001,1.6163219680468242,1.7227950959205627,1.6341290979385377,2.141529192785865,0.6665834427480926,1.3932507955730975
980.940906047821,0.0001,1.3251039857387543,0.9215184571743011,1.5419730796813964,1.8450679105960581,0.5200599632424263,1.0216128677350726
1183.894871711731,0.0001,0.8461860562324524,1.3028034448623658,1.6988824729919434,2.285580791455795,0.6028567345822895,1.209177579750653
1384.8592612743378,0.0001,0.7252404541015625,1.0040583089590072,1.0534797539710998,1.3355263958432226,0.43496060649381135,1.0868551006328564
1587.8906276226044,0.0001,0.7141525476376216,0.8002673444747925,1.121653311252594,1.4087748397263629,0.48014485650156624,0.9523104448531625
1789.532009601593,0.0001,0.8175777582327525,0.5945818078517914,0.662966338634491,0.9308982898935663,0.3718952923526669,0.819450854025835
1992.1046698093414,0.0001,0.8065813534259796,0.7895649708509446,1.2924726152420043,1.6266331183707963,0.43680888888981206,0.9379417358388698
2192.439271211624,0.0001,0.5740301011880239,0.45167190408706664,1.2329695501327516,1.461924803669521,0.34838977529307336,0.704209799052105
2393.8724541664124,0.0001,0.4762111820220947,0.373486661195755,0.6102438163757324,0.8210103075147658,0.3380196362487789,0.6509263689796674
2584.2025184631348,0.0001,0.4938761240800222,0.6583069853782654,2.474186325073242,2.6016874244182797,0.35345029137930484,0.8344775155581236
2775.6688544750214,0.0001,0.47651937248706816,0.4240088326334953,0.5343542029857635,0.7214734814063618,0.3158190813723919,0.6957570231764701
2966.591283559799,0.0001,0.40419954009453457,0.4458019907474518,0.6724500045776367,0.8950927525280935,0.30351470295254596,0.7136026669202747
3156.426724433899,0.0001,0.438062328294913,0.3052842620611191,0.5132416944503784,0.7349667279909734,0.29957419044618205,0.5929741434018989
3346.099788427353,0.0001,0.6111091302593549,2.8025985612869264,9.034975234985351,9.55773862931493,0.7333806274052476,1.4852343247671433
3541.0903379917145,0.0001,0.44247066943248115,0.39671523034572603,0.5367867183685303,0.963161094856819,0.3014764630096564,0.6747215671459853
3737.0355277061462,0.0001,0.5340493919412295,0.6491500489711761,1.6273297309875487,1.8594281804790223,0.36769618554084343,0.8435708031830246
3931.106146812439,0.0001,0.3469580118338267,0.46719213730096815,1.2634841961860657,1.3889648329359245,0.30100396234987514,0.7224118277579414
4121.3142647743225,0.0001,0.3372613939801852,0.5409439421892166,0.6235902969837188,0.9334632080619572,0.3049537882279259,0.7872191410239495
4310.367634296417,0.0001,0.24589785435597103,0.6104544076919556,0.7432020320892334,1.2295722481837523,0.33963021715760056,0.8357551483410294
4501.921747922897,0.0001,0.364909849468867,0.23381013494729996,0.39592653489112856,0.5509611986973547,0.2466602402613325,0.5169266420568017
4694.482113838196,0.0001,0.2986136671344439,0.3939374272823334,0.5671109838485717,0.8146659384955488,0.25307240328972375,0.6706071268793384
4884.271029472351,0.0001,0.30883723361492155,0.2021065046787262,0.32975961780548096,0.43923402612448464,0.22860188932870207,0.48649846204946817
5072.200429677963,0.0001,0.33880109250942864,0.2444442008137703,0.9181561875343323,1.0847972283105691,0.26342182223134347,0.5219432438782019
5262.3939781188965,0.0001,0.27590058756271996,0.25722589868307116,0.7391659016609192,0.8845442639586086,0.24540083855080635,0.5381084717334117
5464.0748608112335,0.0001,0.3792927188376586,0.3395359322428703,0.8546945276260376,0.9781153850265657,0.2642786408865122,0.6177262619957081
5665.567648410797,0.0001,0.35108955520788826,0.24515680259466172,0.46937891936302184,0.6236138808485806,0.2617299553576704,0.5289076612826824
5864.969841957092,0.0001,0.1704183198551337,1.0085138702392578,3.772558395385742,4.218552075525691,0.3156995331308691,1.004296785291578
6056.812282800674,0.0001,0.41371943053007126,0.3039802946448326,0.41791053557395935,0.5541729162217537,0.26107206815220857,0.5942301236256278
6246.830292701721,0.0001,0.19119031303723652,0.25469048738479616,1.0948750023841858,1.1715708866465333,0.2221137621110183,0.5242284004804123
6434.202189207077,0.0001,0.19701341788371404,0.35052914190292356,0.4980954315662384,0.667383761786237,0.29953839100172774,0.6311469700637562
6620.555790901184,0.0001,0.25429839597145715,0.22223562055826188,0.6439570484161377,0.8491358510731757,0.23528193512703374,0.49743968375957
6806.898436546326,0.0001,0.42706049497127535,0.2598764543533325,0.3760231094360352,0.5325527983725177,0.23575744773156476,0.5482433387916325
6994.012492418289,8e-05,0.2790733291467031,0.40954879081249235,0.5663841390609741,0.7613197369257763,0.2550216671919683,0.6830064152743951
7181.379821062088,8e-05,0.3304498203674952,0.30748254716396334,0.4750543553829193,0.6871242810010141,0.23950018779071613,0.5908431472000439
7368.672981023788,8e-05,0.1422120466808478,0.3911843892931938,0.5765926821231842,0.7620902479734737,0.25509572929776125,0.6742743419655286
7554.51621389389,8e-05,0.16977834000190098,0.21072996014356613,0.7484351410865784,0.8466346900888919,0.19998144567024057,0.49225291595493526
7741.865268230438,8e-05,0.14474754289388655,0.14327355980873108,0.5887436883449555,0.699159585186485,0.1926009499058273,0.40187939757261076
7929.351922273636,8e-05,0.2080188242316246,0.215643946737051,0.4387974531650543,0.5641840353401187,0.19448689517072087,0.4988427691024798
8116.763792276382,8e-05,0.2082391971151034,0.4670109134316444,0.5579253854751587,0.7928710879614705,0.28424162277766946,0.7266374461289706
8304.138503789902,8e-05,0.23013675868312516,0.18287499645352365,0.5090908889770508,0.5993372548085188,0.1985157001639852,0.4578863058398728
8490.740309000015,8e-05,0.17611016365687052,0.4280010802745819,0.7877128920555114,0.9173132956051012,0.24576224787906775,0.7029737076248159
8678.066663742065,8e-05,0.17933225654760995,0.19044272696971892,0.5660254337787628,0.6664997734640355,0.18627251009413084,0.4615212217773274
8865.203176498413,8e-05,0.1896441820482413,0.14598593655228614,0.7101725435256958,0.7994585159732849,0.19600630926260945,0.40190868844795075
9052.459630966187,8e-05,0.12637467542290687,0.19138114374876022,0.4986150846481323,0.6046473080685949,0.21410103144759587,0.46688314081009397
9239.646948099136,8e-05,0.13515359027783075,0.1737835659980774,0.28273295640945434,0.48748277224153097,0.18934213704780978,0.4482240649371357
9427.112405538559,8e-05,0.17172266619304816,0.19857946318387984,0.2869709324836731,0.4184144061890038,0.18983817530570893,0.4802363882305715
9614.360713243484,8e-05,0.24685410753289858,0.14947533521056175,0.5489335792064667,0.6433476473046846,0.19831736033254455,0.4112726332781147
9802.092315912247,6.400000000000001e-05,0.15512202063699562,0.22318957072496415,0.34712016582489014,0.5629357633156266,0.20829022492218643,0.5058544333648168
9989.284789562225,6.400000000000001e-05,0.1683620368540287,0.2020349834561348,0.2751613473892212,0.36519394119352877,0.1816703840142621,0.4790732646477162
10176.450220108032,6.400000000000001e-05,0.12839046281774838,0.6407911223173142,1.4830717310905457,1.6131973952698246,0.29424419012398473,0.8365134748791075
10364.331142663956,6.400000000000001e-05,0.15383981508016586,0.16522656762599944,0.35365654301643373,0.4647182970417384,0.19650521213769268,0.4365349127639195
10551.74695634842,6.400000000000001e-05,0.1336692737062772,0.11968359738588333,0.2982045888900757,0.39923551121143547,0.17359389590429675,0.3712788931356271
10739.11133813858,6.400000000000001e-05,0.11706487733821073,0.11779831844568253,0.23265812873840333,0.31920438309360455,0.16865569439428382,0.36920305878174003
10925.766284942627,6.400000000000001e-05,0.11467698709170024,0.16182355535030366,0.5249478559494019,0.6268063839701422,0.1719588043814895,0.4305159931161361
11113.062419891357,6.400000000000001e-05,0.15194037571350733,0.14089297911524773,0.34443950390815736,0.4441594136809229,0.17673325053293343,0.4039529978414475
11300.479180335999,6.400000000000001e-05,0.1114034994751215,0.13956179013848305,0.4272504251003265,0.5041497944013197,0.16847312351687685,0.39457609697390605
11488.075674295425,6.400000000000001e-05,0.09672697685062885,0.19961045122146606,0.4368055837154388,0.5194583753371254,0.18279789649163752,0.47308852795487716
11675.3088824749,6.400000000000001e-05,0.12898250735600789,0.1388611770272255,0.21587769794464112,0.2849911896333056,0.17347073688724657,0.4040335022689453
11862.530754566193,6.400000000000001e-05,0.13425204379856587,0.14998462614417077,0.5924027976989746,0.6799123126530822,0.185635983366187,0.41012881171080817
12049.829941749573,6.400000000000001e-05,0.15581374695897102,0.32425730058550833,0.36496937227249143,0.5741825068577373,0.2177639472775343,0.5997423646125764
12237.32913351059,6.400000000000001e-05,0.14384046689768631,0.13034884989261628,0.28695704221725465,0.3928745643411224,0.16435171641691607,0.3868141567589673
12424.728484630585,6.400000000000001e-05,0.10074192155897617,0.10735235983133316,0.24471495485305786,0.32136045403669633,0.16006027195714648,0.35133796396683914
12611.415236234665,6.400000000000001e-05,0.15648532020350298,0.12420199438929558,0.2719273452758789,0.3925303484184529,0.1656117797551522,0.3802213738993583
12798.780355453491,6.400000000000001e-05,0.12745184158782163,0.11222624203562737,0.2789626617431641,0.37039090413016873,0.1644652029753798,0.3557172726526063
12985.529198884964,6.400000000000001e-05,0.09684249136348566,0.13858803969621658,0.21254817724227906,0.29706391587853975,0.15679213851493076,0.4035444895428011
13172.064002513885,6.400000000000001e-05,0.09346285687983036,0.12540088826417922,0.3123460822105408,0.3891192174268007,0.15679820337149478,0.38246067663780947
13359.21598315239,6.400000000000001e-05,0.11257934849560261,0.13396431240439416,0.32167281770706174,0.41515072508420936,0.15351902738203207,0.38804942959094546
13546.63087940216,6.400000000000001e-05,0.09694939417243004,0.14816548362374304,0.29976023054122924,0.4004222509687021,0.16552632015038582,0.410644905861781
13734.036922931671,6.400000000000001e-05,0.10733002510269483,0.2406508914232254,0.48669218754768373,0.6379124602524424,0.20521310205352009,0.5202734744412729
13921.591775655746,6.400000000000001e-05,0.09151077653368314,0.09284891983866692,0.1973087658882141,0.28726983042396514,0.14622378090555355,0.3257629827995123
14108.497697353363,6.400000000000001e-05,0.08469370423257351,0.1547288235425949,0.2832459855079651,0.3724338679286194,0.1782557939892569,0.4226882726943318
14295.663839578629,6.400000000000001e-05,0.11898696121374766,0.08943283593654633,0.29861488008499143,0.40021752771962527,0.15124956653768312,0.32010465485780787
14482.894458770752,6.400000000000001e-05,0.09182185398439566,0.194577959805727,0.4176261253356934,0.7506599443982447,0.1961835924075112,0.47204467768383523
14670.140377044678,6.400000000000001e-05,0.1212257113168637,0.12475690412521362,0.31155661058425904,0.4086598030732823,0.1588890827227279,0.38069615108382004
14857.591445207596,6.400000000000001e-05,0.11804685588975747,0.34557448416948316,0.38939963150024415,0.5813981026988735,0.19705914926339602,0.6194053782569001
15044.805381536484,6.400000000000001e-05,0.11955275635023911,0.11527917191386222,0.331935218334198,0.4126170193614868,0.14984078640792653,0.3612541619404233
15232.11090016365,6.400000000000001e-05,0.14475053798357645,0.11290588513016701,0.2854448595046997,0.42108940297432634,0.1637159194027896,0.3599772274443699
15419.479320287704,6.400000000000001e-05,0.09273358901143074,0.09594700834155083,0.21240985822677613,0.2912646565438355,0.15234871807400113,0.33441959744186184
15606.778825998306,6.400000000000001e-05,0.0776854273011287,0.08907496467232705,0.24080456686019897,0.3250664189332023,0.14901702221155003,0.31832681891099757
15793.75967669487,6.400000000000001e-05,0.10603256113727888,0.14767283874750137,0.28709443378448485,0.36295647899282235,0.1628164351846723,0.41674815652791847
15980.727810382843,6.400000000000001e-05,0.11190024704138438,0.16226741296052932,0.23828256130218506,0.34509080148031607,0.15664928222548544,0.4327652754136542
16168.08349442482,6.400000000000001e-05,0.09000805098613103,0.14494890855252743,0.5830565159320831,0.6484560125075297,0.14900718675020655,0.4060062742889833
16355.373668670654,6.400000000000001e-05,0.14765846274395783,0.14894553437829017,0.24280492448806762,0.33252843164304124,0.1599648172541182,0.416456251728449
16542.360458374023,6.400000000000001e-05,0.09701524323721726,0.11146809351444244,0.4317492065429688,0.513189837068424,0.15649388328259417,0.35610996937657674
16730.117105722427,6.400000000000001e-05,0.10195807136793932,0.17175518660247327,0.5753612110614776,0.6485650215228573,0.14780368546483316,0.435648603011579
16917.137036323547,6.400000000000001e-05,0.10818992965420088,0.12146296566724778,0.7252693433761597,0.7672184818639174,0.1485702185757919,0.3690838352753619
17104.38088941574,6.400000000000001e-05,0.08701959991852443,0.13862833534181118,0.18564281034469604,0.2861936263272501,0.14330826406706676,0.4024615955709841
17291.16929101944,6.400000000000001e-05,0.09871278439660867,0.08335374456644058,0.1855807137489319,0.25601951524865374,0.14005690029079615,0.31220457021392567
17478.443843364716,6.400000000000001e-05,0.10507037473519643,0.08989205671846867,0.2539131484031677,0.33213770856131847,0.1372087767739193,0.3228229238780821
17665.67837524414,6.400000000000001e-05,0.08606958249211312,0.0937475594729185,0.43806593656539916,0.48996857587372206,0.13893178400203277,0.3247952015618219
17852.512568712234,6.400000000000001e-05,0.09060673055052758,0.09697925443947315,0.35110369205474856,0.40488790436195976,0.1387912153288616,0.33591276054629227
18039.954878091812,6.400000000000001e-05,0.07582187256316344,0.09247679111361504,0.18631910800933837,0.2601920421138822,0.13863071464009175,0.32805087950672557
18227.497905015945,6.400000000000001e-05,0.10082053716977438,0.09775736799836159,0.19778070545196533,0.2750809928849635,0.14808399548803752,0.3345019821365634
18414.688388347626,6.400000000000001e-05,0.10861334114869435,0.1060014354288578,0.23014987421035765,0.3306861082818106,0.14258294401543273,0.3478375960563325
18602.287888765335,6.400000000000001e-05,0.08386395822068056,0.1092639215439558,0.3731463313102722,0.4394112355252108,0.14574702919156848,0.35312987775839294
18789.60042309761,6.400000000000001e-05,0.074432848589619,0.08939044526219368,0.2300126543045044,0.2866181324378538,0.13436025541491506,0.32044189077944324
18976.991723537445,6.400000000000001e-05,0.0687131892045339,0.08177031189203263,0.18683106899261476,0.24217276914465824,0.13114357891384487,0.30900887262479043
19164.518748998642,6.400000000000001e-05,0.08558754796683789,0.09689984844624996,0.18055039072036744,0.26017013083190554,0.13509557700798777,0.3363993772641141
19351.788902521133,6.400000000000001e-05,0.08320509248475234,0.13104046738147734,0.22828672790527343,0.31624799457063096,0.1594609212054943,0.38811011315519917
19539.11012840271,6.400000000000001e-05,0.08646043887833754,0.17149749086797236,0.22923307514190674,0.34515116478458047,0.14202813013684676,0.4433438622599553
19726.164316892624,6.400000000000001e-05,0.11285674568315347,0.331087099134922,0.5440380046367645,0.7077828181276908,0.22577710915297006,0.6105261699080798
19913.374529123306,6.400000000000001e-05,0.08878455169002215,0.12880865375697612,0.1851783652305603,0.2660758658607844,0.1435713732123127,0.38641069420353474
20100.513911485672,6.400000000000001e-05,0.0742376064926386,0.08424410536885261,0.3405963389873505,0.42973329549715633,0.15050644764281434,0.30856449594298724
20287.79101586342,6.400000000000001e-05,0.0793759878128767,0.12966332897543908,0.7386379561424256,0.8121034994275206,0.14076770857721238,0.38258405710785026
20475.060115098953,6.400000000000001e-05,0.08126985904375712,0.1289329928904772,0.3597620096206665,0.4386511280252395,0.1456893298699123,0.3840819465875895
20662.323154211044,6.400000000000001e-05,0.0908414749811093,0.11440171200037003,0.32556256198883055,0.45892835572265767,0.18455067350469676,0.35996742719207825
20849.512884140015,6.400000000000001e-05,0.09391958642105261,0.20912472259998321,0.4485933108329773,0.5742116664008401,0.18357807298144463,0.48147021391382294
21036.351851701736,5.120000000000001e-05,0.0787114627212286,0.09544906184077263,0.20005442333221435,0.325608965523321,0.144023446597381,0.3319040966127861
21223.96911740303,5.120000000000001e-05,0.08003000538945199,0.08694381800293922,0.24815363311767577,0.3340781714141986,0.13669098288904571,0.314840897577115
21411.623693943024,5.120000000000001e-05,0.0672321254953742,0.07793965192139149,0.3403566517829895,0.39454859969260786,0.12846717399317803,0.2991117074067965
21599.125507354736,5.120000000000001e-05,0.06616994688510895,0.07680420222878456,0.42652103114128115,0.4690663031564299,0.12791537383842794,0.29506739356816925
21786.424915075302,5.120000000000001e-05,0.06774161288142204,0.10057657252252102,0.15557927370071412,0.22156182063715504,0.12474150590036515,0.3412648382094379
21972.459198713303,5.120000000000001e-05,0.06740337909311056,0.14861414730548858,0.5483979110717774,0.7711738443566869,0.1654365580421679,0.4090412927078766
22159.992670059204,5.120000000000001e-05,0.0750860937833786,0.07830306728184223,0.22541279506683348,0.2799543529021982,0.12305767011002346,0.2994169244590126
22347.31200504303,5.120000000000001e-05,0.08845064728309711,0.08690565811097622,0.1785904426574707,0.24738044204100257,0.1400332719112018,0.31774327273326847
22534.687811613083,5.120000000000001e-05,0.05375210935523113,0.0885516461879015,0.27444153356552126,0.33809973289159895,0.14554956774784636,0.3204581993168398
22721.91799402237,5.120000000000001e-05,0.06987567869822184,0.07309567523002625,0.180226655960083,0.26452966788168625,0.1234858472909084,0.2895993905453522
22908.960956335068,5.120000000000001e-05,0.07969518249730269,0.1266554936617613,0.18413943815231323,0.258845197397814,0.13718577828698492,0.3869609657568263
23096.786211013794,5.120000000000001e-05,0.07473687106271584,0.13524684500694276,0.5633901464939117,0.65387914494313,0.15553824966343152,0.38473176101149503
23283.94151878357,5.120000000000001e-05,0.059793706027170025,0.27311614751815794,0.5926420559883118,0.7963468399026826,0.17447615943409106,0.5598076114135494
23470.94136285782,5.120000000000001e-05,0.07227298135956128,0.10178788481652737,0.2112205286026001,0.2896517340947726,0.1357550653909746,0.3429653964140089
23658.016259908676,5.120000000000001e-05,0.06581268473565578,0.08953707502782345,0.1641982727050781,0.2780464403134866,0.1263229204229426,0.32080124878491917
23845.455048561096,5.120000000000001e-05,0.05934400519778331,0.11688302993774415,0.2919899685382843,0.40307732771506155,0.15950137195045017,0.36710949245252966
24032.592834949493,5.120000000000001e-05,0.0795125212897857,0.12492914444208145,0.2621032819747925,0.34718077214020376,0.1578852796251039,0.3765556977506511
24219.79540348053,5.120000000000001e-05,0.06850484260817369,0.07241292975842953,0.2583290605545044,0.3108010160001435,0.1220928182281573,0.2874085501993838
24407.268865823746,5.120000000000001e-05,0.063493282028536,0.08088582888245582,0.42875161981582643,0.4741470498268694,0.13637491785045713,0.30402063484167846
24594.620124340057,5.120000000000001e-05,0.057225006482501825,0.0740067452788353,0.1967700991630554,0.2736172563567855,0.13043541781143647,0.2934614814927451
24781.94675040245,5.120000000000001e-05,0.06023570949633916,0.6280713281035424,0.9618061866760254,1.3943908554912898,0.22390437047723608,0.835587113661999
24969.011828422546,5.120000000000001e-05,0.06475244779735803,0.11712941724061966,0.1734868688583374,0.26281819998919304,0.11999373377973509,0.3726138269525727
25155.957449436188,5.120000000000001e-05,0.05440803433308999,0.08132695226371288,0.33974911546707154,0.4248946223678534,0.13689693365098848,0.30303352656512283
25343.16070151329,5.120000000000001e-05,0.06601673637777566,0.08521918499469758,0.29799737119674685,0.3468810328826717,0.1214644663529382,0.313700003284777
25530.541181325912,5.120000000000001e-05,0.07709351296226184,0.07356430238485337,0.13791745567321778,0.19918000632696525,0.11941587208063698,0.29082282678396537
25717.676577806473,5.120000000000001e-05,0.06665152429143588,0.06291729412972927,0.2108158402442932,0.286620085303435,0.12321597497374723,0.26914567264483746
25904.770549297333,5.120000000000001e-05,0.07839677536090216,0.12512202858924865,0.31518758058547974,0.4136556016640691,0.14521303235181016,0.38405097051833303
26091.53880596161,5.120000000000001e-05,0.06708431162287791,0.071713618516922,0.19060858821868895,0.25535095583286493,0.12052263637462665,0.28703626492553996
26278.94856452942,5.120000000000001e-05,0.058498303997019926,0.06802631099522113,0.2945536599159241,0.3392372106644715,0.11985330291361457,0.27815934699401107
26466.142941236496,5.120000000000001e-05,0.05817027461081743,0.06972957557439804,0.1841245846748352,0.23507823068857908,0.11812121042150732,0.28348252991912753
26653.329357624054,5.120000000000001e-05,0.060435677273074785,0.08645376178622245,0.26455074739456175,0.33749623597880674,0.12402060038652599,0.31358213038316507
26840.32467532158,5.120000000000001e-05,0.05281714783608914,0.11457223182916641,0.2270925660133362,0.30672749930022747,0.13992887542507274,0.35953927976734174
27027.36745762825,5.120000000000001e-05,0.05651070851782958,0.07381692726910115,0.3479363055229187,0.39183948969683113,0.12026258302619959,0.2889751859515312
27214.614940166473,5.120000000000001e-05,0.057950392607351145,0.11092872695624828,0.2786459517478943,0.3765137333573677,0.1314336692467224,0.3536238977909413
27401.95956635475,5.120000000000001e-05,0.05897196120123069,0.08368238677084446,0.21476371908187866,0.27671103432796157,0.13814783690744623,0.3121131222125443
27589.232275247574,5.120000000000001e-05,0.06166142680247625,0.08676316908001899,0.5553713932037353,0.595758191774743,0.1286903081307183,0.31045870595735153
27776.74857187271,4.0960000000000014e-05,0.061975013559559984,0.07247718198597432,0.3885313324928284,0.4305252536583983,0.11633703215342955,0.2886099726273337
27963.970581054688,4.0960000000000014e-05,0.05102056002219518,0.07827803593873978,0.13251012420654296,0.1827792706305755,0.11586421226789484,0.3024440605960569
28151.238433361053,4.0960000000000014e-05,0.04293637604465087,0.0777782397866249,0.24688184881210326,0.3026842547858485,0.11865283146001909,0.2977949617652302
28338.67934370041,4.0960000000000014e-05,0.050169522980352245,0.06881275125592946,0.15156204414367674,0.20564297818881727,0.11673849635593922,0.2820886558142914
28525.61782670021,4.0960000000000014e-05,0.06620446058859428,0.07772515594959259,0.19328816843032837,0.26415970151089996,0.11535451567720705,0.29960603762620425
28712.194583415985,4.0960000000000014e-05,0.04427250380118688,0.08915412433445453,0.2571332287788391,0.4326804058306688,0.1396196680422984,0.3183728323874435
28899.363596200943,4.0960000000000014e-05,0.04935225462317467,0.07960372973978519,0.1594751148223877,0.22702838134200337,0.12236661698842699,0.30441683466513114
29086.681309461594,4.0960000000000014e-05,0.04825290970057249,0.06502342591434718,0.16826738357543947,0.22973700474833006,0.11304022604541486,0.2727878685364371
29274.087071418762,4.0960000000000014e-05,0.04437707485159238,0.09522445060312748,0.5418164205551147,0.5800552698635679,0.12258577520503074,0.327814356252619
29461.313643455505,4.0960000000000014e-05,0.0504286917929848,0.07708542041480541,0.2119503469467163,0.2678434178528658,0.11805170518040034,0.2977826386970344
29648.44435954094,4.0960000000000014e-05,0.05710268455445766,0.06790740038454533,0.14338875770568849,0.20511696713772998,0.11068117869345821,0.2791887580938451
29835.77025079727,3.2768000000000016e-05,0.050716847413778306,0.08498218075931072,0.19150296258926391,0.29110765257841753,0.11801126256154061,0.31012968382562245
30021.931453704834,3.2768000000000016e-05,0.04198220666050911,0.06310850546509028,0.1420381932258606,0.20005363797026354,0.10952356393436272,0.2697031325012243
30209.27765059471,3.2768000000000016e-05,0.039708613515893616,0.05655033203214407,0.17108916044235228,0.21662143887819177,0.10987342353157731,0.25615998171973
30396.421825647354,3.2768000000000016e-05,0.0388989900474747,0.05657515820115805,0.13950601387023925,0.21066600929696175,0.11026155814756673,0.25498876238096846
30583.299500465393,3.2768000000000016e-05,0.04269209959059954,0.0555737861096859,0.12957508277893065,0.17330703631200017,0.10696916975085193,0.25440846076185036
30770.692262649536,3.2768000000000016e-05,0.04430068650394678,0.07023217175900937,0.21699600172042846,0.2600579350370401,0.11083071112384821,0.28500514374848646
30957.86109972,3.2768000000000016e-05,0.038132024508714675,0.06135944008827209,0.12932282209396362,0.1881086741526758,0.10767387807981545,0.26539556683353605
31145.099781751633,3.2768000000000016e-05,0.04154017973095179,0.06417216703295708,0.30338067293167115,0.3641723674548738,0.12309194136756786,0.2704483988614582
31332.299816846848,3.2768000000000016e-05,0.04183843515962362,0.05303005257248879,0.2029029288291931,0.2595745704307389,0.10965561929569208,0.24567067656793531
31519.4365336895,3.2768000000000016e-05,0.043366171047091485,0.1025646608248353,0.14263853883743285,0.20545092871656345,0.11161873588386508,0.3423876139459962
31706.072281360626,3.2768000000000016e-05,0.043165451234579086,0.0795630983710289,0.1264663972854614,0.19287666280408106,0.10878893277096209,0.3058680243320996
31893.23752808571,3.2768000000000016e-05,0.041797660572330156,0.06284984667599201,0.2613117537498474,0.31262143445946416,0.11918102203578784,0.26811813438011056
32080.753164291382,3.2768000000000016e-05,0.04625882267057896,0.06084537052363157,0.12617027950286866,0.1788725904957464,0.10722293893428578,0.2662014800237801
32267.806797504425,3.2768000000000016e-05,0.03633805709928274,0.06451755245774984,0.1936440715789795,0.2357142978058359,0.10788594384931802,0.2724359086567373
32455.139293193817,3.2768000000000016e-05,0.03570818970650434,0.06584430332481861,0.16374289035797118,0.2238363618566751,0.10651533165658407,0.27659407398241953
32642.583010673523,3.2768000000000016e-05,0.03856977817962567,0.07969464658200741,0.16077673625946046,0.23585495450595836,0.11081664672666922,0.3034357655999522
32829.80299568176,3.2768000000000016e-05,0.03994199765374263,0.058237528905272486,0.12801901149749756,0.1835927312650215,0.10580634654879292,0.2596193073108185
33016.941677093506,3.2768000000000016e-05,0.040888461603720984,0.06241224981099367,0.336583580493927,0.3778631544666717,0.10560491389630836,0.2654713809712822
33204.41786146164,3.2768000000000016e-05,0.04095391372044881,0.06757380009442568,0.12067414331436158,0.17536983680083465,0.10552506639472536,0.28029125289907225
33391.48172211647,2.6214400000000015e-05,0.0367043609465162,0.09581444042921067,0.4333184084892273,0.495979604610341,0.11618525124666047,0.33025903887581437
33578.83116936684,2.6214400000000015e-05,0.03632678370277087,0.05930920761078596,0.16051326370239258,0.21245799061365148,0.1047142450500092,0.2620353567071905
33766.01884865761,2.6214400000000015e-05,0.03546041447768609,0.05908734484761953,0.14765725088119508,0.19826264035838684,0.10545591591301116,0.2611552235690606
33953.01989388466,2.6214400000000015e-05,0.03538671260774136,0.05397406706213951,0.13035550355911255,0.17814093115947316,0.10539396178664531,0.2508898784073073
34140.42038345337,2.6214400000000015e-05,0.03463160523623228,0.06014160767942667,0.12492340087890624,0.18767250012215128,0.10322503084916132,0.2635201862961025
34327.7500038147,2.6214400000000015e-05,0.03397834374407927,0.05578912350535393,0.11562620735168457,0.16562157580146877,0.10203420622569519,0.2544993208706893
34514.54097986221,2.6214400000000015e-05,0.03501164084523916,0.06157524572312832,0.11707656145095825,0.16509050465917188,0.10527476133242096,0.26691197656042637
34701.76231718063,2.6214400000000015e-05,0.03413579407433669,0.05971177707612514,0.17454429244995118,0.21454252702047893,0.10464375736868628,0.2630084610688133
34889.02851605415,2.6214400000000015e-05,0.03551861100892226,0.058011315830051896,0.12128243350982666,0.16875624321717894,0.10306699520444543,0.25895717769086507
35076.32550764084,2.6214400000000015e-05,0.03584693570186694,0.06694808655232191,0.1263245210647583,0.18232426030915025,0.10301149723742735,0.2781171683903715
35263.32306146622,2.6214400000000015e-05,0.03338595234404008,0.0563837447091937,0.3206500134468079,0.36152605798761844,0.10639118433314204,0.2534616326484635
35450.3171517849,2.0971520000000012e-05,0.03342295274684826,0.05594096392393112,0.22700645780563355,0.2691170731137638,0.10156448824896873,0.25310163474432074
35638.02459836006,2.0971520000000012e-05,0.030905816321323314,0.06614453306794167,0.24321360492706298,0.29341049526091867,0.10952240387403335,0.2758558128124191
35825.018585681915,2.0971520000000012e-05,0.03365644721587499,0.06304941699653864,0.14319633865356446,0.19995493485446272,0.10286999521720099,0.26787451086039665
36012.10379266739,2.0971520000000012e-05,0.03316493818735083,0.059571529276669026,0.13975986289978026,0.18758941319519115,0.09954034597697732,0.2629545462455691
36198.97126889229,2.0971520000000012e-05,0.030833764744053284,0.08166909590363503,0.30822592210769656,0.35244248730120303,0.10550044427531394,0.30326963691929415
36386.15797543526,2.0971520000000012e-05,0.03143461804712812,0.0584191527813673,0.16131330394744872,0.2161958918983631,0.10028248382604903,0.2596212195119964
36572.71392583847,2.0971520000000012e-05,0.0326779682363073,0.05966679272055626,0.18688087511062623,0.22212260664749062,0.10010871634769133,0.26154447915648965
36759.53208231926,2.0971520000000012e-05,0.029842908956855537,0.06169217770546675,0.16134529924392702,0.21385063795393583,0.111572648849771,0.2668298897232051
36946.976531744,2.0971520000000012e-05,0.030579906213035187,0.05927841129899025,0.11633673286437989,0.1703473820421599,0.09988034174363705,0.2623133425919747
37133.970965862274,2.0971520000000012e-05,0.0314338016902407,0.06441219206899404,0.1452135410308838,0.1892491632144474,0.10289813305123989,0.2734448274616809
37321.21013402939,2.0971520000000012e-05,0.03040915738294522,0.06120132692158222,0.15114912843704223,0.19292307111312623,0.10107317702294057,0.2647667547020586
37508.544654130936,1.677721600000001e-05,0.03209107685238123,0.056824051693081856,0.1251950798034668,0.17431974241125625,0.09940101804809609,0.2567812301151177
37695.9222536087,1.677721600000001e-05,0.029953306357810894,0.05394239839911461,0.10980601167678833,0.15361603863539744,0.09834749199322763,0.25010970601938526
37883.31087684631,1.677721600000001e-05,0.028150967814028264,0.05822145998477936,0.11814033842086792,0.16520834855343755,0.1014357252548313,0.2598569536209585
38070.7285425663,1.677721600000001e-05,0.02837951019058625,0.055598237529397014,0.18219808769226073,0.22437686626845624,0.09881545694502299,0.25341706635306405
38258.112679719925,1.677721600000001e-05,0.02876167748272419,0.05538890818506479,0.10978793525695801,0.15508529572039173,0.09792785250247295,0.2534157173558246
38445.04193019867,1.677721600000001e-05,0.027907401301711796,0.05550948299467564,0.16512127780914307,0.20174282893538412,0.09785972855346087,0.2535098869060973
38632.37418651581,1.677721600000001e-05,0.028096598083525895,0.054623115815222265,0.10903344297409058,0.15425391826643117,0.09831981412508074,0.25166110095283706
38819.77052855492,1.677721600000001e-05,0.028987787847717602,0.05494059082120657,0.13630546092987061,0.18687224124543453,0.09929325077073474,0.25242141230154025
39006.49698758125,1.677721600000001e-05,0.02796455076163014,0.05794327563047409,0.1339955096244812,0.1766799168792929,0.09818759754008048,0.25877860458775376
39193.26099538803,1.677721600000001e-05,0.02852435374210278,0.05596377623081207,0.19119929456710816,0.2276293273962996,0.09759705937140875,0.253919918754045
39380.19746470451,1.677721600000001e-05,0.02785640553732713,0.05687267681211233,0.1201383638381958,0.16550362913909872,0.1030119668680846,0.25664694966235885
39567.1929807663,1.3421772800000009e-05,0.02807717327872912,0.05917931558936834,0.2401797251701355,0.28959091078269067,0.0992424852690129,0.259966939386955
39752.65888619423,1.3421772800000009e-05,0.02714363453288873,0.05470634454488754,0.17178380727767945,0.22021088287445406,0.0972041010758959,0.25141952412853097
39939.70012879372,1.3421772800000009e-05,0.027069383751104275,0.06074476344883442,0.11929099702835083,0.15925901187017508,0.10074271393639683,0.2654843417079621
40126.839440345764,1.3421772800000009e-05,0.026592230036606393,0.0552296411767602,0.14568493270874022,0.20152150665980514,0.09705056363410683,0.2524484711541468
40314.33118748665,1.3421772800000009e-05,0.026633856180558604,0.05193385474383831,0.12438569211959839,0.17082805477953167,0.09804361561802676,0.245691417171396
40501.52349066734,1.3421772800000009e-05,0.026316458020855985,0.07037877631187439,0.12920155572891234,0.199678914648771,0.10294800939455956,0.28487753834451607
40688.53985285759,1.3421772800000009e-05,0.026532788269470135,0.053591541059315205,0.14507423543930054,0.1845184741212506,0.09764432324694199,0.24917523477579853
40875.37937092781,1.3421772800000009e-05,0.026617468192925056,0.05437835925072432,0.16407310104370118,0.214398819904051,0.09617464562373583,0.250386274919047
41062.84736299515,1.3421772800000009e-05,0.026327117332567773,0.05301810832321644,0.1304695601463318,0.16930554063233602,0.09685403659527489,0.2479188430560584
41250.27310061455,1.3421772800000009e-05,0.02647637132778764,0.060018547765910625,0.1974896821975708,0.24653223742822705,0.10066843656118105,0.26308218663665334
41437.70291543007,1.3421772800000009e-05,0.026610518083224694,0.054629960864782334,0.18182212209701537,0.26560762666237603,0.1033076917590976,0.25191086058451995
41624.76027798653,1.3421772800000009e-05,0.026451819056272505,0.05270241082459688,0.14021187639236452,0.183610727133961,0.0952176603318583,0.2471228891401565
41811.82436466217,1.3421772800000009e-05,0.026183099201818306,0.054404708817601205,0.12534532308578492,0.1689237666200138,0.09671391841556412,0.2511095643842302
41999.18304300308,1.3421772800000009e-05,0.02584452044144273,0.05645464599132538,0.13410965538024902,0.19417991364883547,0.09549318384401453,0.25575394308650956
42186.2145421505,1.3421772800000009e-05,0.026136817973603805,0.050356521293520924,0.11898704624176025,0.16780949637519402,0.0960185842838,0.2419855362624457
42372.969730615616,1.3421772800000009e-05,0.026623502259204786,0.05624500612169504,0.1992996573448181,0.23215843433344063,0.09552798459606059,0.25481685153772826
42560.20095849037,1.3421772800000009e-05,0.025860364550352097,0.05665283395349979,0.10863204526901245,0.152312507788177,0.09999089444480758,0.25643400223353446
42747.30537414551,1.3421772800000009e-05,0.025821441765874625,0.05307452616840601,0.3850981774330139,0.4129061505620639,0.09564881536635587,0.24478510469111214
42935.59170913696,1.3421772800000009e-05,0.025556680353482564,0.054812836676836015,0.2131736798286438,0.2597235925555982,0.09647846607793187,0.2513851201000303
43122.61251497269,1.3421772800000009e-05,0.026085181024173894,0.054878862999379635,0.1285845694541931,0.1738059330929607,0.09535058826281367,0.25092541634628013
43308.07229113579,1.3421772800000009e-05,0.026384528185675542,0.053631750397384166,0.14502368354797363,0.19390770321823247,0.09579623592533221,0.24876295600626847
43494.0159471035,1.3421772800000009e-05,0.02579556663259864,0.052565287232398984,0.13824648666381836,0.18930054910387012,0.09659749222979801,0.24644483443131765
43680.98402786255,1.3421772800000009e-05,0.025375201146801314,0.053930431246757504,0.1768638129234314,0.21300312860642823,0.09589988399319772,0.24954629592158198
43868.318558216095,1.3421772800000009e-05,0.025127479297916096,0.054576302975416185,0.10355502462387085,0.15012841717636374,0.0949552317591856,0.25169752200679385
44058.807889938354,1.3421772800000009e-05,0.02506733803153038,0.05466277777403593,0.10898717737197876,0.15831340936514612,0.09850045454977681,0.25171383699653976
44246.07821702957,1.0737418240000008e-05,0.025524796653042237,0.053832854710519316,0.17280027389526367,0.22028598542994518,0.09595256297418704,0.24944449476861036
44434.92617225647,1.0737418240000008e-05,0.0246678622836868,0.05164621006697416,0.11911525106430054,0.16187300163723806,0.09377558835551848,0.24457755150394883
44622.39151597023,1.0737418240000008e-05,0.02468744521687428,0.0550213415697217,0.11238323497772217,0.16136113712872913,0.09504535790689426,0.25272664036072895
44809.248531103134,1.0737418240000008e-05,0.024995490606874227,0.05412071990966797,0.10901486444473267,0.15455005154099355,0.09447957158667188,0.25011943712781254
44996.96405315399,1.0737418240000008e-05,0.02523470858708024,0.05621946939826011,0.15444396686553954,0.19957123012148834,0.10127581233765502,0.2548939313759881
45184.053943395615,1.0737418240000008e-05,0.02488817720239361,0.05028275901079178,0.10280500984191894,0.1467209345022204,0.09357431163752981,0.2419100695657431
45372.43286371231,1.0737418240000008e-05,0.024704982945074637,0.05407088112086058,0.104319974899292,0.1522141044279703,0.09408410088494706,0.25033296313104675
45559.50015592575,1.0737418240000008e-05,0.024263035661230486,0.05525177114456892,0.11865118408203125,0.1638538574666802,0.0947853559596316,0.2529042415403134
45746.9954996109,1.0737418240000008e-05,0.02464681133131186,0.05444804036617279,0.14387043285369874,0.1934465847054429,0.09499200571009332,0.2508855046674713
45934.689705848694,1.0737418240000008e-05,0.024426250734676917,0.052952135249972346,0.17398674058914185,0.20792818157955728,0.09389317113960849,0.24724864941148325
46121.86229658127,1.0737418240000008e-05,0.02437191925023993,0.051700958892703056,0.17389987421035766,0.21253032110376108,0.0941228053366491,0.24445103068969226
46310.60098147392,1.0737418240000008e-05,0.024376382673035064,0.05501315263658762,0.13804501056671142,0.19006813955007648,0.10028319565283822,0.2521945367128263
46497.67123627663,1.0737418240000008e-05,0.024218958829094965,0.051936373963952065,0.19067806434631349,0.22815951628385356,0.09355517766227296,0.2447358830444741
46684.99674320221,1.0737418240000008e-05,0.024061930038283268,0.05322579179704189,0.20342231035232544,0.23462017785516875,0.09527558655912231,0.24777490264039376
46872.32570505142,1.0737418240000008e-05,0.02398379551966985,0.051731795236468314,0.11246400356292724,0.16444449471188752,0.09396666201450066,0.24472876858050766
47059.87725877762,1.0737418240000008e-05,0.02398412441437443,0.057119790658354756,0.12835472345352172,0.1757957975619696,0.10046477341551242,0.2571818396168354
47247.04488873482,8.589934592000007e-06,0.023952847643941642,0.053587131701409815,0.15996903705596924,0.19410148826731283,0.09698836711927541,0.24889170221140636
47434.1013674736,8.589934592000007e-06,0.02354172789255778,0.052077997073531154,0.10319217586517335,0.15084914062608928,0.09239190093749877,0.2458610679556423
47620.94722318649,8.589934592000007e-06,0.023265628115336102,0.05138683644682169,0.10228919076919556,0.1466420599362196,0.09202876512634812,0.2441653600806482
47808.15103125572,8.589934592000007e-06,0.02347578396673004,0.05447373130917549,0.12099170732498168,0.16533966612382167,0.09263376087023555,0.2514964445277591
47995.37884640694,8.589934592000007e-06,0.0236845975552996,0.0524029129371047,0.13030849218368531,0.1729284326565119,0.0944366953703078,0.2463990078137001
48183.57478570938,8.589934592000007e-06,0.023375967886547246,0.05460776891559362,0.10191087293624877,0.14817611203702177,0.09440696650434323,0.25208306091722765
48371.23270535469,8.589934592000007e-06,0.02375720855941375,0.0507988535836339,0.10862254190444946,0.1513802237772894,0.09185681505660641,0.24273045379974498
48558.80124759674,8.589934592000007e-06,0.023485397857179246,0.050062053933739664,0.1141175880432129,0.16453354770735126,0.09353103892537382,0.2408791358207166
48746.10130214691,8.589934592000007e-06,0.02317309745972355,0.051665353164076805,0.10489914894104004,0.1511668965286282,0.09280462367792935,0.24475115433934155
48932.95712542534,8.589934592000007e-06,0.023652923900882403,0.05317415633797645,0.22050092172622682,0.2521563852122842,0.09265378722548297,0.2476347029604329
49119.76631951332,8.589934592000007e-06,0.023391025902082523,0.05081050195544958,0.12635646486282348,0.16539917764727377,0.0916626831966349,0.24278720471714393
49307.38120007515,8.589934592000007e-06,0.023104057812194028,0.0515012476593256,0.10089121294021607,0.14987025502103163,0.09181544995754197,0.2444520056168029
49494.750900030136,8.589934592000007e-06,0.022997713848948477,0.05060433010011912,0.12171919775009156,0.1624860461541435,0.09209658504396409,0.2422249270454075
49681.91062378883,8.589934592000007e-06,0.022822227811565003,0.053882855623960495,0.21949913120269776,0.2611929538777657,0.09174851193773338,0.24879908001022716
49869.19950079918,8.589934592000007e-06,0.023222641737014056,0.04925349144637585,0.10164698505401612,0.1442431391218855,0.09141666352008837,0.23912597386978038
50056.50025677681,8.589934592000007e-06,0.02312871383652091,0.05138536264002323,0.10230846166610717,0.14289839801117277,0.09196071277353228,0.24434827475881502
50243.796734809875,8.589934592000007e-06,0.02303838224634528,0.05305518314987421,0.09940788602828979,0.14556819392603307,0.0914832668312858,0.2480106271109832
50431.16934275627,8.589934592000007e-06,0.022897511398295562,0.05063114393502474,0.15194614934921263,0.18837322305636692,0.09145603046500181,0.24219104047652176
50618.38172507286,8.589934592000007e-06,0.02309889553040266,0.05008482068032026,0.11070558786392212,0.15017449772341218,0.09163852921729504,0.24117997471226874
50805.48546767235,8.589934592000007e-06,0.022994968389471373,0.04982728449255228,0.14706312465667726,0.19304427448900122,0.09068085777516881,0.23988854812387397
50992.916367053986,8.589934592000007e-06,0.022837078383564947,0.05377035681158304,0.15541539287567138,0.20141252188686878,0.09189611155932542,0.249249411777478
51180.104217767715,8.589934592000007e-06,0.022527892881135145,0.051163387566804885,0.11722463798522949,0.16435380756900905,0.09304281864513662,0.24348299556002972
51367.50860905647,8.589934592000007e-06,0.02307915267770489,0.052030611678957936,0.12761690759658814,0.16519353109262033,0.09104074564819759,0.245483162356503
51554.92983460426,8.589934592000007e-06,0.022973504007607698,0.052110318906605245,0.11242884063720703,0.15945196162289568,0.09170176005434087,0.2454899657600465
51742.23474526405,8.589934592000007e-06,0.02298116149827838,0.05038258971273899,0.10368174076080322,0.14998376043770825,0.0912562666433989,0.2418059570512026
51929.3166012764,6.871947673600007e-06,0.022935000811020533,0.05176009817421436,0.11283547687530518,0.15617829027925295,0.09375780855331378,0.2451449096352865
52116.94964694977,6.871947673600007e-06,0.021975454932947953,0.04971651769429445,0.10812113046646118,0.15176150300289776,0.09037214896926404,0.24022861306548962
52304.37635016441,6.871947673600007e-06,0.022562386238078276,0.04941304138302803,0.10132863712310791,0.14600375061305995,0.09055702741755996,0.23942967200182672
52491.80181765556,6.871947673600007e-06,0.022247478954990706,0.05031980649381876,0.11214613866806031,0.15333545758530429,0.09155620325638696,0.24156367573997461
52678.9683303833,6.871947673600007e-06,0.022269419931123653,0.05138794219493866,0.10395000696182251,0.14773642502433562,0.0911552168106307,0.2441359319033744
52866.238872528076,6.871947673600007e-06,0.022314510588596265,0.050263207875192166,0.12608504819869995,0.1633797555594706,0.09022401215982488,0.2414476904727207
53053.49931049347,6.871947673600007e-06,0.022075037750353417,0.050262699365615844,0.09787769794464111,0.14364684594251348,0.08978317586747701,0.24153014931365593
53240.5530359745,6.871947673600007e-06,0.022300996942818164,0.05085463471710682,0.21893816232681274,0.25678510109115565,0.0911834291258704,0.24189693590638348
53427.85653948784,6.871947673600007e-06,0.02253760461186369,0.04964395637065172,0.10825059461593628,0.14974628690281994,0.08970562843577115,0.24003533162036844
53615.22327327728,6.871947673600007e-06,0.02208122881576419,0.05061258324980736,0.10153578901290894,0.1455819709604419,0.09052212934469375,0.24225921473976664
53802.65780496597,6.871947673600007e-06,0.02235224031706651,0.05175367427617311,0.105882803440094,0.15219770238089778,0.09121348039109337,0.2451717830114154
53990.312190294266,5.4975581388800055e-06,0.022019931218524774,0.05004617769271135,0.10412875413894654,0.14687857668534227,0.0900385506521095,0.24096130161702403
54177.73840904236,5.4975581388800055e-06,0.021978830770154795,0.05126349327713251,0.10049373054504394,0.14836000827806817,0.09052011840035591,0.24384589693175396
54366.6102335453,5.4975581388800055e-06,0.02164231198231379,0.05027125432342291,0.09684038400650025,0.1400774155918993,0.08942018358530271,0.24158327064921617
54554.30136013031,5.4975581388800055e-06,0.021991980239748955,0.05013204837590456,0.15300953435897827,0.18699042082940737,0.08979146414896397,0.2409739298974777
54742.891879320145,5.4975581388800055e-06,0.02152486494630575,0.05039042767137289,0.11429282569885255,0.15652365872991286,0.09002721695982006,0.24172302127374842
54931.51472783089,5.4975581388800055e-06,0.02186603930592537,0.05022269081324339,0.11702247190475464,0.1561586827821877,0.09185651097712688,0.24142641270936033
55118.37204051018,5.4975581388800055e-06,0.021755340081701675,0.049551342613995075,0.11320402479171753,0.15648516231973,0.0893687819400777,0.23981521627554797
55305.99811935425,5.4975581388800055e-06,0.02170745428154866,0.05049465821683407,0.21221702337265014,0.2416129213652725,0.08984664659265114,0.24125393231794545
55494.106045246124,5.4975581388800055e-06,0.021861269546548524,0.050413955725729466,0.12618016147613526,0.1639368943027072,0.08975346911988066,0.24172456528154687
55681.03170132637,5.4975581388800055e-06,0.021316074308753014,0.049883108280599116,0.09682406282424927,0.1425455212939624,0.08984860382782096,0.24060049329609745
55868.06691765785,5.4975581388800055e-06,0.021602054743220408,0.049139504224061964,0.11175324010848998,0.1540084800089414,0.08930135284441137,0.23871057816331553
56055.379930734634,5.4975581388800055e-06,0.021641991485655307,0.04998025040328503,0.11431944274902343,0.1557811350723979,0.08966946923124954,0.24072951342933277
56242.62990093231,5.4975581388800055e-06,0.021374318128079176,0.0495045664831996,0.09685871362686158,0.1402832823665832,0.08892607938637015,0.23977847684955686
56431.64046955109,5.4975581388800055e-06,0.021667350338896114,0.050275522746145725,0.1289161925315857,0.16622230767695426,0.08934345818755983,0.24137619857196407
56618.9137570858,5.4975581388800055e-06,0.02139029546827078,0.049263668961822986,0.09380233240127564,0.1400944184417475,0.08936015245871935,0.23923408118957046
56805.94284296036,5.4975581388800055e-06,0.021708808832118908,0.049366434752941134,0.1245604362487793,0.1702484131898746,0.08884890782267368,0.23918307004158615
56992.77492046356,5.4975581388800055e-06,0.021629629275699457,0.04935181810706854,0.09427139806747437,0.1380604494324589,0.08923795496560213,0.2394453684660648
57179.68139004707,5.4975581388800055e-06,0.021430367737760147,0.05000558229908347,0.09893573188781739,0.1472180147073202,0.08883759057491017,0.24101089455859548
57368.120769023895,5.4975581388800055e-06,0.021782442635297775,0.04977244314551353,0.09792743968963623,0.14250973494377844,0.08935773631549253,0.24032808625138127
57554.758788108826,5.4975581388800055e-06,0.02161321273818612,0.05066819328069687,0.18464237689971924,0.22490886440257568,0.09055186215349788,0.24190107052016413
57742.8195810318,5.4975581388800055e-06,0.021175331462423008,0.05118297246098518,0.1884216980934143,0.22095776402943634,0.0913469053121658,0.2430102647943366
57930.481216192245,4.3980465111040045e-06,0.02126063371375203,0.04987853973731399,0.09698153114318847,0.14320390154788779,0.08912643439348865,0.24068984125512985
58117.660048007965,4.3980465111040045e-06,0.02121948362663388,0.04899929755926132,0.17598447942733764,0.2079076085218983,0.08863841082247834,0.2380287272541508
58303.80565595627,4.3980465111040045e-06,0.02117990909020106,0.0501534242592752,0.09731004047393799,0.14100821080622622,0.08916953160120122,0.2412826954360678
58490.957136154175,4.3980465111040045e-06,0.020734622204303742,0.05001034941524267,0.10723379182815551,0.14804293766925783,0.08943531827108617,0.2409400633331378
58678.27272224426,4.3980465111040045e-06,0.020963661760091783,0.04953898346051574,0.11840037202835083,0.15891139735617268,0.08894109665246844,0.2396092950108666
58864.94080519676,4.3980465111040045e-06,0.020810770163933436,0.04906318279728293,0.09522035169601441,0.13722075995728275,0.08879936363954448,0.2387062600120239
59052.404155015945,4.3980465111040045e-06,0.021223451334486405,0.04971755026653409,0.10120982265472413,0.14709121694216354,0.0887203298534947,0.24022002345472782
59239.399933815,4.3980465111040045e-06,0.021152260200679302,0.0496008285805583,0.09528624248504639,0.14033787802280911,0.08921430158263502,0.24003284618635595
59426.503459215164,4.3980465111040045e-06,0.02102815174162388,0.049256661519408225,0.11249558591842651,0.15596766312009722,0.08919797644780761,0.23902416770169907
59613.73928308487,4.3980465111040045e-06,0.02095586005722483,0.04933374251797795,0.09504238414764404,0.13982860992365992,0.08841883500146605,0.23934437566559394
59801.20470571518,4.3980465111040045e-06,0.020732910404354335,0.04911019043624401,0.12219312906265259,0.16116348767611471,0.08840492504819727,0.23872485140031466
59988.62537026405,4.3980465111040045e-06,0.020552931832770505,0.049133426930755376,0.09463463544845581,0.13913854957287852,0.08863542719885661,0.23880016034830315
60176.18099617958,3.5184372088832037e-06,0.021020887969930967,0.04934736708924174,0.09836163234710693,0.14301356163779708,0.08862433603928296,0.23935081263679336
60363.10970401764,3.5184372088832037e-06,0.021020228678484756,0.04924705926328898,0.10175576734542846,0.1439908889372313,0.08788348999908173,0.23910068029685486
60549.99817609787,3.5184372088832037e-06,0.0206430571158727,0.049249878458678724,0.11237385940551758,0.15361547035650902,0.08847567454368306,0.23902857143731143
60737.66440486908,3.5184372088832037e-06,0.02087068079834183,0.04937570685148239,0.13685876369476319,0.17842086878373475,0.0887475904057335,0.2391605497104215
60924.61252641678,3.5184372088832037e-06,0.020852039831876754,0.048725675273686646,0.12531266975402833,0.16772033258396535,0.08783921845026726,0.23767278249477441
61111.69842123985,3.5184372088832037e-06,0.020547434365749358,0.049069319892674684,0.0976657567024231,0.14126584779018553,0.0884558092197729,0.23866217846548204
61299.03710889816,3.5184372088832037e-06,0.02097815379425883,0.0495921181216836,0.09704861974716186,0.14070919404636986,0.08857953764055435,0.2399261806794623
61486.34237885475,3.5184372088832037e-06,0.020596220258375007,0.0499833177998662,0.10410909652709961,0.149443549331996,0.09116733392590558,0.24093101043191403
61673.70842504501,3.5184372088832037e-06,0.02079077453588446,0.04906800362840295,0.09293844366073609,0.13791885299966652,0.08792484384662842,0.2386843734354079
61861.074400663376,3.5184372088832037e-06,0.02055309045612812,0.04940084279701114,0.09612134742736816,0.14362228866203744,0.08840315716549273,0.23944969247824796
62047.48602390289,3.5184372088832037e-06,0.020891730287422736,0.04960609970614314,0.0987012767791748,0.14627693776342685,0.08818040923389481,0.239984296687086
62234.31251788139,3.5184372088832037e-06,0.020751906109849613,0.049383453737944366,0.16744402313232423,0.210098121857453,0.08808340662975891,0.23881949780904183
62423.002848148346,3.5184372088832037e-06,0.02053862587735057,0.04897359162569046,0.10008533906936645,0.14732608104746553,0.08817485242663195,0.2383554456842359
62612.39603471756,3.5184372088832037e-06,0.020779680456717808,0.04907067343965173,0.09463947820663453,0.13857682390297932,0.08783204882929439,0.23864611321422288
62799.31669712067,3.5184372088832037e-06,0.020441441930333773,0.04879176067188382,0.12146235132217408,0.15941468923875973,0.0875171382733597,0.23789549469635068
62987.20359516144,2.8147497671065632e-06,0.020629025376339753,0.049266441829502586,0.09589085912704468,0.14106823715424274,0.08821241619561851,0.23913267350437228
63174.4924890995,2.8147497671065632e-06,0.02032898090556264,0.04873106390982866,0.10556565570831299,0.15184489255670774,0.08773758546191276,0.23777351002031719
63362.9040119648,2.8147497671065632e-06,0.020448313442369304,0.0496043011918664,0.1367290997505188,0.17433367707207864,0.08829501392395515,0.23973814878980534
63550.16378855705,2.8147497671065632e-06,0.02038962621067961,0.04860305335000158,0.09449860334396362,0.1373140217008081,0.0873318215447893,0.23758168711965066
63739.15986704826,2.8147497671065632e-06,0.020369598737359048,0.04880997310206294,0.0962910771369934,0.14034336358240995,0.08753607501047218,0.23798488987414207
63926.37552809715,2.8147497671065632e-06,0.020344383723537127,0.048850195314735174,0.09480205249786378,0.14120724150858252,0.08762493767043837,0.23811836171705772
64113.589035987854,2.8147497671065632e-06,0.020657149874667328,0.04869750710949302,0.10331334209442139,0.15114086786800965,0.08748321057177375,0.2376872340945921
64300.42129945755,2.8147497671065632e-06,0.02045737040688594,0.04882910050079226,0.09247177505493163,0.1370606374043817,0.08751327914702402,0.2381123603239178
64487.81994128227,2.8147497671065632e-06,0.020618148508916297,0.04887933478504419,0.09214722204208374,0.13637988998004316,0.08794045200974186,0.23827411978902646
64674.81254720688,2.8147497671065632e-06,0.020536166416108607,0.048605493243783715,0.09496712684631348,0.14011664666831056,0.0874041507245162,0.23755699360349267
64861.940566301346,2.8147497671065632e-06,0.02049855004126827,0.0485492434091866,0.09197136068344117,0.13432521196422426,0.08760956396202799,0.23751728419506524
65049.19905424118,2.8147497671065632e-06,0.020151962721844514,0.048543261904269455,0.10945111417770385,0.14869981208089852,0.0874504678858065,0.23734253125911967
65236.241203546524,2.8147497671065632e-06,0.02025343787421783,0.048346228204667566,0.1157684097290039,0.15943798919454644,0.08738241543682385,0.23677267084375775
65424.92713427544,2.8147497671065632e-06,0.020224794118851423,0.0485385847017169,0.09254228448867798,0.13574570591229468,0.08744308568808173,0.23743522198117287
65612.13826847076,2.8147497671065632e-06,0.020408121386667092,0.051218630708754063,0.15625829362869262,0.19477428501950494,0.09154153065216551,0.24339920926822792
65799.41922545433,2.8147497671065632e-06,0.02032867359990875,0.04877369130030274,0.10851016426086425,0.15248173584649172,0.08816944419710339,0.23787238456355417
65986.7276442051,2.8147497671065632e-06,0.020452349107712507,0.04867005750909448,0.11436381196975708,0.1545925046591763,0.08780934442049045,0.23763179139091836
66173.77642512321,2.8147497671065632e-06,0.02041004140128692,0.04879610730335116,0.13878079414367675,0.18287947478355618,0.08731426095484696,0.2376843483106831
66360.76807379723,2.8147497671065632e-06,0.02035538039902846,0.048837673515081406,0.13435658311843873,0.1709239270193187,0.08733262001788179,0.23790842783178162
66547.49557971954,2.8147497671065632e-06,0.02038300543402632,0.04866573359817267,0.09488367080688477,0.13878687843106843,0.08707423237491482,0.23769546789414878
66734.4993083477,2.8147497671065632e-06,0.020206157204012077,0.0483523415364325,0.09819185733795166,0.14122690777937683,0.08702117401582725,0.2369465882240849
66921.50492429733,2.8147497671065632e-06,0.020262502317875623,0.048742987796664236,0.10321689701080322,0.14933158951999623,0.08745490151271482,0.2378352623955928
67109.01978707314,2.8147497671065632e-06,0.02026078177392483,0.04892490434274077,0.09612903451919555,0.14009532323713791,0.08743918299817735,0.23828658637257316
67296.35630869865,2.2517998136852508e-06,0.020292279242475827,0.04854645150527358,0.09737718296051025,0.14231318820811883,0.08730812580033873,0.2374006813144435
67485.32461285591,2.2517998136852508e-06,0.02016770702029268,0.048577938351780175,0.1068895387649536,0.15303341640480772,0.08707583677402822,0.23739454759267295
67672.55374860764,2.2517998136852508e-06,0.020181283231576284,0.048781216613948346,0.09918499279022217,0.1478780843393379,0.08744500152343627,0.23791506907522955
67860.14920091629,2.2517998136852508e-06,0.020040026934693256,0.048699098102748396,0.0940804295539856,0.1367592015164553,0.08762036614031259,0.23782038940542358
68047.03388500214,2.2517998136852508e-06,0.020101328740268945,0.04813578787446022,0.09434124422073364,0.1365419835276221,0.08733974078611097,0.23644099627584775
68233.98745703697,2.2517998136852508e-06,0.020175974375754593,0.04852535741776228,0.09111419534683228,0.13635182774425672,0.08733181212044111,0.237364440048555
68421.29473638535,2.2517998136852508e-06,0.02006054137721658,0.050938941165804864,0.13572122621536256,0.1761277995143844,0.0918506521579711,0.24286926019272506
68608.64794540405,2.2517998136852508e-06,0.020067637894054254,0.04850918945670128,0.09161783647537232,0.1358892883693899,0.08735466130839004,0.237342320805189
68795.97365784645,2.2517998136852508e-06,0.019947998995582264,0.04848292347416282,0.09594740152359009,0.13893125481979843,0.08726582119954274,0.2372234759080977
68983.32519197464,2.2517998136852508e-06,0.02014098019649585,0.049244510866701605,0.162857750415802,0.19657512258488605,0.08818415723947193,0.2386345227585455
69169.5601336956,2.2517998136852508e-06,0.02000867499858141,0.048337882183492185,0.11425103998184204,0.15319952765301625,0.0868213500899629,0.23679093554138397
69356.57470202446,2.2517998136852508e-06,0.019967631835490465,0.04843730664998293,0.09195383453369141,0.13760241205160795,0.08699599879296026,0.23715667173627727
69544.11195087433,2.2517998136852508e-06,0.019815271902581057,0.04844730458408594,0.1104119963645935,0.15035055345641185,0.08683567077171271,0.2370887001807397
69731.41842651367,2.2517998136852508e-06,0.020193226715674004,0.04855740800872445,0.10364058494567871,0.15097491431847943,0.08724128163934483,0.2373335705629613
69916.93756961823,2.2517998136852508e-06,0.02008957380975286,0.04815248844400048,0.09475276470184327,0.13850794977190667,0.08679593185354603,0.23645203123270409
70103.9349257946,1.8014398509482006e-06,0.01973457876344522,0.04845785157009959,0.11974295711517334,0.1676975079203238,0.0871607802995641,0.23699574144633417
70290.76686835289,1.8014398509482006e-06,0.020020762456953525,0.04810819648578763,0.09413271045684815,0.13971151041967078,0.0867372552846821,0.23634504351074345
70478.33347654343,1.8014398509482006e-06,0.01964887208789587,0.048327679865062236,0.09863437366485596,0.14338395422522127,0.08705660163127851,0.23686900763131472
70665.67158341408,1.8014398509482006e-06,0.019869039685775837,0.0483330722078681,0.10851919412612915,0.14886668109457327,0.08680703109113241,0.23681539130362111
70852.73231244087,1.8014398509482006e-06,0.019999580290665227,0.04839109513163566,0.09333012199401855,0.13953206880188776,0.08670352145540186,0.23700712378054506
71040.295971632,1.8014398509482006e-06,0.01958501842195789,0.04819814709573984,0.09297987842559814,0.13752564812812007,0.08652986274171569,0.23657062494550782
71227.4396007061,1.8014398509482006e-06,0.019689450252304473,0.04800206838920713,0.1045243034362793,0.15072813568595267,0.08652730792593684,0.23603035328343716
71414.5520195961,1.8014398509482006e-06,0.01979473074451089,0.048247009251266716,0.09367036771774293,0.1362914307931925,0.0867288628545309,0.23667046187739713
71601.71727466583,1.8014398509482006e-06,0.020217975345999003,0.04807660812884569,0.0993990683555603,0.14292405863080393,0.08649491509485464,0.236220493896609
71789.21116995811,1.8014398509482006e-06,0.020117355593542257,0.048377484992146495,0.09150643587112427,0.13683161479806863,0.08672395921229806,0.23697363549675735
71976.9592294693,1.8014398509482006e-06,0.019548097036033867,0.04846501257643104,0.10422084045410156,0.146204124845368,0.08657479428340425,0.2371352768284716
72164.14692902565,1.8014398509482006e-06,0.01971794267569979,0.048515583854168653,0.09254465532302857,0.1355797465863686,0.08680225337934816,0.2373457616737837
72351.47234773636,1.8014398509482006e-06,0.019757938901335002,0.04806002759188414,0.09122534799575806,0.13465128979291607,0.08654203145048858,0.23623853187833352
72539.59896421432,1.8014398509482006e-06,0.01938743910243114,0.0481478500328958,0.09997715806961059,0.14252772654144993,0.08641131987619499,0.23639237350407388
72727.28677248955,1.8014398509482006e-06,0.019673006988565125,0.048112630039453506,0.10600726509094238,0.15188960427054185,0.08660701497588166,0.2362664900483318
72914.85361862183,1.8014398509482006e-06,0.01992602385406693,0.04851944709941745,0.15146425294876098,0.18529513166308598,0.0867333903402539,0.23693079893475213
73102.12362861633,1.8014398509482006e-06,0.019567385416229564,0.048214346267282965,0.09987957000732423,0.14429305668819956,0.08663055180466497,0.23654484005657628
73289.3595905304,1.4411518807585606e-06,0.019802963252117237,0.04835194815695286,0.09297469997406006,0.13797375267091913,0.087217758850917,0.23694158205716292
73476.52712225914,1.4411518807585606e-06,0.01983085453659296,0.04841518458724022,0.09305291604995727,0.13898914986449928,0.08678994585377302,0.23702592733026578
73663.62477588654,1.4411518807585606e-06,0.01964243955090642,0.0480397935397923,0.09091572380065918,0.1355198655337808,0.08637941840947098,0.23621656822833742
73850.92659544945,1.4411518807585606e-06,0.0198712727556626,0.04819707494229078,0.10046827697753906,0.14620737508428486,0.08644080510352535,0.23649466396172225
74038.15346217155,1.4411518807585606e-06,0.019579878112425408,0.04799013409391045,0.09228532600402832,0.13727955707917402,0.08654954193474898,0.2360565572654534
74225.28286194801,1.4411518807585606e-06,0.019855022184799113,0.04800780265033245,0.0931423544883728,0.13618949321074483,0.08637925838788531,0.2361079606453254
74411.40070581436,1.4411518807585606e-06,0.019942906235655148,0.04802991550788283,0.09350234031677246,0.13926145824853828,0.08632145520606534,0.2361244745887851
74612.81628060341,1.4411518807585606e-06,0.019482188580681882,0.04815920811146498,0.09229059410095215,0.13980407643897425,0.08664121083864051,0.23646675120990732
74812.06594181061,1.4411518807585606e-06,0.01953272638221582,0.04813117096573114,0.0924605016708374,0.13752850362228905,0.08633574660501897,0.23640047603191944
75007.1343369484,1.4411518807585606e-06,0.019676814759274325,0.04802156353369355,0.09762975883483886,0.14387046659978225,0.08627655996735067,0.23607486153151835
75196.03010606766,1.4411518807585606e-06,0.019629626363515854,0.04806155173480511,0.09279060125350952,0.13658405750002572,0.08665315658464515,0.23622556530355504
75386.29930353165,1.4411518807585606e-06,0.019761285287638507,0.04787959412112832,0.09040193271636963,0.13410883345978497,0.0862569350124029,0.2357963733230267
75580.34984469414,1.4411518807585606e-06,0.019662574370205403,0.04803878175467253,0.09084703922271728,0.13548624869866724,0.08623284988850496,0.23619656149566737
75770.31726932526,1.4411518807585606e-06,0.019420150744666655,0.048236200846731664,0.09132010698318481,0.13632373069031564,0.08627311676250421,0.23663719875169226
75958.49180555344,1.4411518807585606e-06,0.0195656231602033,0.04804640837758779,0.09163533926010131,0.1368094319527097,0.08627845382858722,0.2362013692087612
76147.0938770771,1.4411518807585606e-06,0.01954695182989041,0.04843359111621976,0.11223372125625611,0.15228533057525392,0.08660084448006772,0.23698129191000494
76335.88576579094,1.4411518807585606e-06,0.019703250939399005,0.048028088565915825,0.09288694381713868,0.1385744227766749,0.0864305712230536,0.2361138740864295
76524.23259234428,1.4411518807585606e-06,0.019726245362808308,0.04837849485874176,0.09161716318130493,0.13521259035227204,0.08699912623405877,0.23700120082516477
76712.07696127892,1.4411518807585606e-06,0.019713182983050744,0.04809020413085818,0.09631065464019775,0.1437073972016582,0.08636839370116879,0.2362322911696139
76900.16103053093,1.4411518807585606e-06,0.0196656637519598,0.04823511007428169,0.10203205156326293,0.14365499769218984,0.08628687347394799,0.23659188225034497
77087.86316561699,1.4411518807585606e-06,0.0193415065271159,0.04786131794750691,0.09180759859085083,0.13535796779900464,0.08631785068138115,0.23573227786502646
77276.50887155533,1.4411518807585606e-06,0.019425359416504702,0.04802624698728323,0.08994661712646485,0.13602091135132982,0.08638768971751451,0.23612685019271384
77465.37996554375,1.4411518807585606e-06,0.019804800971349082,0.04807749375700951,0.09357731533050537,0.13938606985655677,0.08626545851792747,0.23621604183073727
77653.46130895615,1.4411518807585606e-06,0.019353466156621774,0.04813415384292603,0.09634602403640748,0.13890705136034723,0.08641012981181831,0.23636349807186532
77841.4317958355,1.4411518807585606e-06,0.019382850526521604,0.048002882853150367,0.09608693265914917,0.13808483503729804,0.08619672102461452,0.23606932963094254
78030.9034485817,1.4411518807585606e-06,0.019659533124417067,0.047957158923149106,0.08963635635375977,0.13380113485959624,0.08612669253984907,0.2359850173513495
78220.22210669518,1.4411518807585606e-06,0.019484996912876765,0.048114870149642226,0.097201322555542,0.14057257233278117,0.08616399334067094,0.23632160561999543
78409.43062329292,1.4411518807585606e-06,0.01923119054536025,0.04796114167571068,0.09241439914703369,0.13826560759703227,0.08618141545039491,0.23597967374643744
78598.12021946907,1.4411518807585606e-06,0.019515872920304538,0.047860753901302816,0.10799289798736572,0.15238874278426187,0.08613216270080863,0.23562216455496118
78786.9565422535,1.4411518807585606e-06,0.019589625149716933,0.04809494413435459,0.10538529109954833,0.15096247020626027,0.08619687383368883,0.23617514570338993
78975.23658967018,1.4411518807585606e-06,0.019433805344005427,0.047898612413555385,0.09689196491241456,0.14318953884930732,0.08597786982057826,0.235787532431298
79162.97625112534,1.1529215046068486e-06,0.019514342249681554,0.048137123800814155,0.09758523511886597,0.13983877062590253,0.08651101327599083,0.23636646546015497
79351.11724305153,1.1529215046068486e-06,0.019346137928217648,0.047806097965687515,0.09574044990539551,0.13885788807937244,0.086160121376065,0.23556730719538052
79538.83229279518,1.1529215046068486e-06,0.019445603098720312,0.04796916771680117,0.09567391395568847,0.13768538779480805,0.08629278874302614,0.2359922894507098
79727.14803028107,1.1529215046068486e-06,0.01945675140793125,0.047940522484481336,0.11035119771957397,0.15028473046981936,0.08608084534579988,0.23581375540544136
79916.65174174309,1.1529215046068486e-06,0.019519505812227726,0.04804760651290417,0.09227993774414063,0.13847695996236858,0.08632616507215927,0.23613764299594106
80106.34547042847,1.1529215046068486e-06,0.019530271491159996,0.048324107207357886,0.09108733654022216,0.13763951299144325,0.08673992126930291,0.2368405366881604
80292.79518079758,1.1529215046068486e-06,0.01945749471684297,0.04838649383932352,0.10918240594863891,0.14912724404807945,0.08706672554499352,0.23687639020638404
80481.40753912926,1.1529215046068486e-06,0.019574525143827,0.047866514287889,0.09595511436462402,0.14051387688538697,0.08597271609653438,0.23570120169362865
80668.47690963745,1.1529215046068486e-06,0.01953524054562052,0.048009157057851554,0.10420615053176879,0.1449992407915571,0.08612569591502743,0.23601840184325668
80855.92164564133,1.1529215046068486e-06,0.019179709320515395,0.04776910918205977,0.09279893779754639,0.14021675520836235,0.08600639386055953,0.23547837612538877
81043.60923981667,1.1529215046068486e-06,0.019713452603916326,0.0480445943698287,0.11071539831161499,0.1496651563724907,0.08605281598793203,0.23607863826360048
81230.8702852726,1.1529215046068486e-06,0.019275973344345887,0.047897579539567234,0.10285422897338867,0.14778308904198884,0.08623466474870026,0.23574083457383183
81418.00252175331,1.1529215046068486e-06,0.01968612707927823,0.048122363556176426,0.08950059795379639,0.13551460018254827,0.08618459746616282,0.23633323725542335
81605.37251973152,1.1529215046068486e-06,0.019029104036837816,0.04797456891834736,0.09102112579345703,0.13637377805595638,0.08606506278416141,0.23599866259835553
81792.45573210716,1.1529215046068486e-06,0.01919021623407801,0.047861314691603186,0.0933146800994873,0.13843229771716775,0.08602190215443216,0.23573760355751364
81980.17275857925,1.1529215046068486e-06,0.019354877196252347,0.047916129175573585,0.08989261627197266,0.134679899033029,0.08591824033471161,0.23585650750824622
82167.34572172165,1.1529215046068486e-06,0.019051877340177693,0.04801631502434611,0.0949808349609375,0.1411188726472387,0.08583761210281411,0.23606525140802695
82356.53166556358,1.1529215046068486e-06,0.01958505901048581,0.04775486633554101,0.09089192295074464,0.13653057200832,0.08568917621456999,0.23547955936622203
82543.46035218239,1.1529215046068486e-06,0.01942531249510745,0.04784301359951496,0.09367111587524414,0.13667270545809654,0.0858266560576202,0.23565895094645947
82730.35216164589,1.1529215046068486e-06,0.019446868924796582,0.04820398394390941,0.09225638103485108,0.13968242404756506,0.08630937516309892,0.23651871818836406
82917.92014956474,1.1529215046068486e-06,0.019148962363104025,0.04796406535431743,0.09192316675186157,0.13680298452143544,0.08612572635182543,0.23596817316794633
83104.9284760952,1.1529215046068486e-06,0.01936747311105331,0.047805750008672473,0.09059864854812621,0.1348204910883981,0.08602283723249007,0.23558252447975775
83292.14949202538,1.1529215046068486e-06,0.019262919534246126,0.04778124795109034,0.09683458042144776,0.1426665976190848,0.08584372581212185,0.23550084319630374
83479.36561107635,1.1529215046068486e-06,0.01982794639368852,0.047822480160742996,0.09046531105041504,0.1360988242746392,0.08569469094884984,0.23562011161482663
83667.52230763435,1.1529215046068486e-06,0.019370921066651742,0.04802433487027884,0.11387154865264892,0.152793390233725,0.08573295409102262,0.23598942921752428
83856.59798264503,1.1529215046068486e-06,0.019171109511206548,0.04810079746693373,0.08959788513183593,0.13432289915490256,0.08605648513671814,0.23632205410947563
84047.9685716629,1.1529215046068486e-06,0.01970259132112066,0.047935377016663554,0.09569210863113403,0.1402388373477846,0.08601295633232495,0.23585901149401392
84236.96833586693,1.1529215046068486e-06,0.019109732668598493,0.047895736657083035,0.10221841812133789,0.1433423706151111,0.08574255629974825,0.23576633139558578
84432.60859584808,1e-06,0.019532429187496505,0.047874708399176596,0.09839618396759033,0.14427239278754994,0.08580977911758927,0.23569842024366033
